experiment,population_size,crossover_rate,mutation_rate,generations,candidate_room_orders,selection_pressure,level_population_size,level_crossover_rate,level_mutation_rate,level_generations,level_candidate_room_orders,level_selection_pressure,paper_reference_hypervolume,repetitions,mean_hypervolume,std_hypervolume,mean_pareto_solutions,mean_max_scheduled_patients,mean_elapsed_seconds,population_size_level_mean_hypervolume,population_size_level_combination_count,crossover_rate_level_mean_hypervolume,crossover_rate_level_combination_count,mutation_rate_level_mean_hypervolume,mutation_rate_level_combination_count,generations_level_mean_hypervolume,generations_level_combination_count,candidate_room_orders_level_mean_hypervolume,candidate_room_orders_level_combination_count,selection_pressure_level_mean_hypervolume,selection_pressure_level_combination_count
1,40,0.3,0.05,100,3,1.1,1,1,1,1,1,1,0.4528,5,0.36614086003501456,0.016073320291325275,35.4,73.6,15.152432100000443,0.36642670816633216,8,0.3961526760267176,8,0.4001518449953002,8,0.4000467013776007,8,0.40172382630085157,8,0.4003460026975961,8
2,40,0.5,0.1,120,5,1.3,1,2,2,2,2,2,0.4532,5,0.3731670408125618,0.010028191674170973,37.6,73.8,27.01109784,0.36642670816633216,8,0.4001096083092839,8,0.4025126716469175,8,0.4004730647437574,8,0.39755680568297724,8,0.40023182364155346,8
3,40,0.7,0.15,140,7,1.5,1,3,3,3,3,3,0.4659,5,0.37032991588763925,0.013307287544067431,38.8,74.4,35.411713999999485,0.36642670816633216,8,0.40038592491589153,8,0.39749094741807317,8,0.3999610456857416,8,0.3998785249246392,8,0.40209132808660175,8
4,40,0.9,0.2,160,9,1.7,1,4,4,4,4,4,0.4574,5,0.3579379295790057,0.008347694494152666,40.0,74.2,45.00007198000058,0.36642670816633216,8,0.40163419941246664,8,0.39812694460406883,8,0.39780159685726013,8,0.3991232517558917,8,0.3956132542386084,8
5,60,0.3,0.05,120,5,1.5,2,1,1,2,2,3,0.4624,5,0.3847811729790453,0.012028891043218607,53.6,74.2,35.285465479999765,0.3930901223272165,8,0.3961526760267176,8,0.4001518449953002,8,0.4004730647437574,8,0.39755680568297724,8,0.40209132808660175,8
6,60,0.5,0.1,100,3,1.7,2,2,2,1,1,4,0.4596,5,0.39645552299496833,0.010504754830245516,56.0,74.0,36.60898172000052,0.3930901223272165,8,0.4001096083092839,8,0.4025126716469175,8,0.4000467013776007,8,0.40172382630085157,8,0.3956132542386084,8
7,60,0.7,0.15,160,9,1.1,2,3,3,4,4,1,0.4633,5,0.38888065661612925,0.01070259932585964,57.6,73.8,70.26661772000043,0.3930901223272165,8,0.40038592491589153,8,0.39749094741807317,8,0.39780159685726013,8,0.3991232517558917,8,0.4003460026975961,8
8,60,0.9,0.2,140,7,1.3,2,4,4,3,3,2,0.4636,5,0.3947465677200694,0.009438369213716208,58.0,74.6,66.96092564000028,0.3930901223272165,8,0.40163419941246664,8,0.39812694460406883,8,0.3999610456857416,8,0.3998785249246392,8,0.40023182364155346,8
9,80,0.3,0.1,140,9,1.1,3,1,2,3,4,1,0.4874,5,0.41719891912511803,0.011435460353818672,69.4,74.8,53.436569599999714,0.4113944371703123,8,0.3961526760267176,8,0.4025126716469175,8,0.3999610456857416,8,0.3991232517558917,8,0.4003460026975961,8
10,80,0.5,0.05,160,7,1.3,3,2,1,4,3,2,0.4803,5,0.41182976658400433,0.004875263348427234,73.4,74.4,74.54561728000044,0.4113944371703123,8,0.4001096083092839,8,0.4001518449953002,8,0.39780159685726013,8,0.3998785249246392,8,0.40023182364155346,8
11,80,0.7,0.2,100,5,1.5,3,3,4,1,2,3,0.4838,5,0.4133964977131614,0.007243668142343806,77.6,74.6,59.704552120000514,0.4113944371703123,8,0.40038592491589153,8,0.39812694460406883,8,0.4000467013776007,8,0.39755680568297724,8,0.40209132808660175,8
12,80,0.9,0.15,120,3,1.7,3,4,3,2,1,4,0.4744,5,0.4091406818901082,0.013640417318526438,78.4,74.2,77.14986560000034,0.4113944371703123,8,0.40163419941246664,8,0.39749094741807317,8,0.4004730647437574,8,0.40172382630085157,8,0.3956132542386084,8
13,100,0.3,0.1,160,7,1.5,4,1,2,4,3,3,0.4844,5,0.425388839391962,0.009963231793780876,86.4,74.8,72.63164305999999,0.42737114100049867,8,0.3961526760267176,8,0.4025126716469175,8,0.39780159685726013,8,0.3998785249246392,8,0.40209132808660175,8
14,100,0.5,0.05,140,9,1.7,4,2,1,3,4,4,0.4844,5,0.42168390457228855,0.01124807606084052,92.2,74.4,82.51641417999926,0.42737114100049867,8,0.4001096083092839,8,0.4001518449953002,8,0.3999610456857416,8,0.3991232517558917,8,0.3956132542386084,8
15,100,0.7,0.2,120,3,1.1,4,3,4,2,1,1,0.4945,5,0.4307256877412445,0.0065824130700204726,95.8,75.0,88.81738747999916,0.42737114100049867,8,0.40038592491589153,8,0.39812694460406883,8,0.4004730647437574,8,0.40172382630085157,8,0.4003460026975961,8
16,100,0.9,0.15,100,5,1.3,4,4,3,1,2,2,0.4834,5,0.42633295083672934,0.0024000650707459,97.8,74.4,81.68464046000081,0.42737114100049867,8,0.40163419941246664,8,0.39749094741807317,8,0.4000467013776007,8,0.39755680568297724,8,0.40023182364155346,8
17,40,0.3,0.2,100,9,1.3,1,1,4,1,4,2,0.5037,5,0.36143462766558687,0.012497812066422913,36.6,73.8,18.561582099999942,0.36642670816633216,8,0.3961526760267176,8,0.39812694460406883,8,0.4000467013776007,8,0.3991232517558917,8,0.40023182364155346,8
18,40,0.5,0.15,120,7,1.1,1,2,3,2,3,1,0.5005,5,0.3655431715675295,0.013445333166056797,38.2,74.2,27.35096664000084,0.36642670816633216,8,0.4001096083092839,8,0.39749094741807317,8,0.4004730647437574,8,0.3998785249246392,8,0.4003460026975961,8
19,40,0.7,0.1,140,5,1.7,1,3,2,3,2,4,0.5079,5,0.3602742563947223,0.014647182709235432,38.0,74.0,36.74230591999949,0.36642670816633216,8,0.40038592491589153,8,0.4025126716469175,8,0.3999610456857416,8,0.39755680568297724,8,0.3956132542386084,8
20,40,0.9,0.05,160,3,1.5,1,4,1,4,1,3,0.499,5,0.3765858633885974,0.010985777815564701,38.8,74.4,47.600589880000186,0.36642670816633216,8,0.40163419941246664,8,0.4001518449953002,8,0.39780159685726013,8,0.40172382630085157,8,0.40209132808660175,8
21,60,0.3,0.2,120,7,1.7,2,1,4,2,3,4,0.4901,5,0.38956013978102605,0.018435794112702335,54.6,74.2,28.863904639999966,0.3930901223272165,8,0.3961526760267176,8,0.39812694460406883,8,0.4004730647437574,8,0.3998785249246392,8,0.3956132542386084,8
22,60,0.5,0.15,100,9,1.5,2,2,3,1,4,3,0.5068,5,0.3949833533104616,0.006837597471548333,53.6,74.4,29.410878659999433,0.3930901223272165,8,0.4001096083092839,8,0.39749094741807317,8,0.4000467013776007,8,0.3991232517558917,8,0.40209132808660175,8
23,60,0.7,0.1,160,3,1.3,2,3,2,4,1,2,0.5088,5,0.39730037889340825,0.0032680763668922422,57.6,74.4,54.955174559999435,0.3930901223272165,8,0.40038592491589153,8,0.4025126716469175,8,0.39780159685726013,8,0.40172382630085157,8,0.40023182364155346,8
24,60,0.9,0.05,140,5,1.1,2,4,1,3,2,1,0.4967,5,0.3980131863226239,0.011502944805023922,59.0,74.8,53.474465119999515,0.3930901223272165,8,0.40163419941246664,8,0.4001518449953002,8,0.3999610456857416,8,0.39755680568297724,8,0.4003460026975961,8
25,80,0.3,0.15,140,3,1.3,3,1,3,3,1,2,0.5118,5,0.4052142562154713,0.006059844483590158,69.0,74.0,42.30772501999964,0.4113944371703123,8,0.3961526760267176,8,0.39749094741807317,8,0.3999610456857416,8,0.40172382630085157,8,0.40023182364155346,8
26,80,0.5,0.2,160,5,1.1,3,2,4,4,2,1,0.5104,5,0.40498674738445717,0.005661325809649671,74.8,75.0,64.82080583999922,0.4113944371703123,8,0.4001096083092839,8,0.39812694460406883,8,0.39780159685726013,8,0.39755680568297724,8,0.4003460026975961,8
27,80,0.7,0.05,100,7,1.7,3,3,1,1,3,4,0.5256,5,0.41035100567623106,0.010243039360829822,76.4,74.4,47.12305606000082,0.4113944371703123,8,0.40038592491589153,8,0.4001518449953002,8,0.4000467013776007,8,0.3998785249246392,8,0.3956132542386084,8
28,80,0.9,0.1,120,9,1.5,3,4,2,2,4,3,0.5196,5,0.41903762277394707,0.008170371248281119,78.2,74.0,64.83236216000005,0.4113944371703123,8,0.40163419941246664,8,0.4025126716469175,8,0.4004730647437574,8,0.3991232517558917,8,0.40209132808660175,8
29,100,0.3,0.15,160,5,1.7,4,1,3,4,2,4,0.5168,5,0.41950259302051673,0.010294943863522078,87.6,74.8,63.61223955999958,0.42737114100049867,8,0.3961526760267176,8,0.39749094741807317,8,0.39780159685726013,8,0.39755680568297724,8,0.3956132542386084,8
30,100,0.5,0.2,140,3,1.5,4,2,4,3,1,3,0.5086,5,0.4322273592479998,0.006922896265545528,94.4,75.0,72.851119379999,0.42737114100049867,8,0.4001096083092839,8,0.39812694460406883,8,0.3999610456857416,8,0.40172382630085157,8,0.40209132808660175,8
31,100,0.7,0.05,120,9,1.3,4,3,1,2,4,2,0.523,5,0.4318290004045965,0.011966047818651902,94.8,74.6,72.14057190000094,0.42737114100049867,8,0.40038592491589153,8,0.4001518449953002,8,0.4004730647437574,8,0.3991232517558917,8,0.40023182364155346,8
32,100,0.9,0.1,100,7,1.1,4,4,2,1,3,1,0.5193,5,0.43127879278865217,0.012025048767883923,98.2,74.6,66.62760873999942,0.42737114100049867,8,0.40163419941246664,8,0.4025126716469175,8,0.4000467013776007,8,0.3998785249246392,8,0.4003460026975961,8
