family,level,patients,rooms_per_hospital,mandatory_threshold,realised_compulsory_patients,pareto_solutions,max_scheduled_patients,scheduled_proportion,compulsory_feasibility_rate,elapsed_seconds,hypervolume
rooms_per_hospital,3,120,3,500.0,14,98,109,0.9083333333333333,1.0,211.45193059998564,0.16246945730452997
rooms_per_hospital,5,120,5,500.0,11,99,109,0.9083333333333333,1.0,215.54430450010113,0.5066031700637703
patient_demand,20,20,5,500.0,2,88,20,1.0,1.0,16.78471689997241,0.20826154454257179
patient_demand,40,40,5,500.0,5,93,39,0.975,1.0,35.80415529990569,0.2919759797616609
patient_demand,60,60,5,500.0,1,99,56,0.9333333333333333,1.0,42.164216300006956,0.32549190185758714
patient_demand,80,80,5,500.0,10,100,74,0.925,1.0,105.54501639981754,0.28370456763234964
patient_demand,100,100,5,500.0,7,98,92,0.92,1.0,143.71058350009844,0.2421347544924016
patient_demand,120,120,5,500.0,11,99,109,0.9083333333333333,1.0,215.54430450010113,0.17404903465932947
patient_demand,140,140,5,500.0,17,100,125,0.8928571428571429,1.0,332.5160366999917,0.08304419180709735
patient_demand,160,160,5,500.0,17,98,140,0.875,1.0,387.4617248000577,0.01780818083082319
compulsory_share,0.1,120,5,488,12,99,111,0.925,1.0,224.99554929998703,0.4022036889500085
compulsory_share,0.2,120,5,404,24,98,109,0.9083333333333333,1.0,261.1669201999903,0.44095871511337115
compulsory_share,0.3,120,5,351,36,97,109,0.9083333333333333,1.0,296.6182174999267,0.436774215382581
compulsory_share,0.4,120,5,300,48,99,110,0.9166666666666666,1.0,302.8140892002266,0.42887153821206636
